product_id,product_name,category,selling_price,cost_price
P0001,Product_1,Accessories,69.55,49
P0002,Product_2,Furniture,479.97,393
P0003,Product_3,Home,336.18,188
P0004,Product_4,Accessories,64.62,38
P0005,Product_5,Electronics,154.81,93
P0006,Product_6,Sports,60.97,34
P0007,Product_7,Home,151.4,87
P0008,Product_8,Sports,121.46,89
P0009,Product_9,Electronics,336.41,227
P0010,Product_10,Accessories,46.83,36
P0011,Product_11,Home,15.65,12
P0012,Product_12,Electronics,457.87,263
P0013,Product_13,Furniture,288.69,153
P0014,Product_14,Electronics,197.02,100
P0015,Product_15,Accessories,120.89,71
P0016,Product_16,Sports,127.99,95
P0017,Product_17,Sports,143.87,112
P0018,Product_18,Home,342.3,185
P0019,Product_19,Furniture,372.51,224
P0020,Product_20,Accessories,18.64,11
P0021,Product_21,Sports,58.41,32
P0022,Product_22,Sports,245.0,139
P0023,Product_23,Accessories,130.73,70
P0024,Product_24,Electronics,65.98,53
P0025,Product_25,Sports,282.29,157
P0026,Product_26,Electronics,526.59,280
P0027,Product_27,Accessories,131.46,92
P0028,Product_28,Home,44.52,26
P0029,Product_29,Home,88.53,61
P0030,Product_30,Furniture,418.84,213
P0031,Product_31,Sports,107.95,88
P0032,Product_32,Sports,259.56,156
P0033,Product_33,Home,40.0,30
P0034,Product_34,Electronics,129.19,73
P0035,Product_35,Home,17.43,13
P0036,Product_36,Sports,237.4,171
P0037,Product_37,Home,312.72,196
P0038,Product_38,Home,23.18,12
P0039,Product_39,Home,105.44,77
P0040,Product_40,Sports,157.85,120
P0041,Product_41,Electronics,392.16,217
P0042,Product_42,Sports,116.84,73
P0043,Product_43,Sports,104.19,54
P0044,Product_44,Electronics,138.32,105
P0045,Product_45,Furniture,321.03,187
P0046,Product_46,Sports,81.79,59
P0047,Product_47,Accessories,107.36,81
P0048,Product_48,Accessories,125.77,72
P0049,Product_49,Electronics,587.91,351
P0050,Product_50,Home,156.94,87
P0051,Product_51,Electronics,275.04,190
P0052,Product_52,Sports,271.16,174
P0053,Product_53,Furniture,519.81,341
P0054,Product_54,Home,51.67,26
P0055,Product_55,Electronics,672.45,469
P0056,Product_56,Sports,169.43,118
P0057,Product_57,Accessories,126.11,85
P0058,Product_58,Electronics,507.06,307
P0059,Product_59,Accessories,113.55,81
P0060,Product_60,Home,365.19,189
P0061,Product_61,Home,105.94,75
P0062,Product_62,Electronics,684.24,357
P0063,Product_63,Electronics,509.26,397
P0064,Product_64,Sports,70.74,41
P0065,Product_65,Sports,250.33,130
P0066,Product_66,Electronics,208.26,156
P0067,Product_67,Electronics,963.63,488
P0068,Product_68,Home,118.74,76
P0069,Product_69,Home,385.44,197
P0070,Product_70,Electronics,855.05,491
P0071,Product_71,Sports,229.16,159
P0072,Product_72,Sports,118.86,88
P0073,Product_73,Electronics,191.92,133
P0074,Product_74,Accessories,54.8,43
P0075,Product_75,Accessories,22.36,17
P0076,Product_76,Home,64.19,50
P0077,Product_77,Accessories,93.84,61
P0078,Product_78,Furniture,477.48,260
P0079,Product_79,Accessories,21.01,16
P0080,Product_80,Sports,41.74,32
P0081,Product_81,Furniture,341.23,199
P0082,Product_82,Furniture,184.65,136
P0083,Product_83,Electronics,113.75,89
P0084,Product_84,Electronics,564.06,423
P0085,Product_85,Sports,191.96,99
P0086,Product_86,Home,254.43,137
P0087,Product_87,Electronics,329.28,222
P0088,Product_88,Sports,93.13,54
P0089,Product_89,Sports,35.86,22
P0090,Product_90,Accessories,15.68,9
P0091,Product_91,Electronics,466.22,267
P0092,Product_92,Home,34.06,20
P0093,Product_93,Home,190.74,135
P0094,Product_94,Furniture,241.32,196
P0095,Product_95,Accessories,93.87,60
P0096,Product_96,Electronics,847.36,443
P0097,Product_97,Sports,206.95,125
P0098,Product_98,Accessories,70.9,38
P0099,Product_99,Electronics,231.22,116
P0100,Product_100,Sports,66.54,50
P0101,Product_101,Furniture,270.03,154
P0102,Product_102,Sports,156.55,90
P0103,Product_103,Home,148.8,75
P0104,Product_104,Electronics,236.63,119
P0105,Product_105,Accessories,78.72,45
P0106,Product_106,Furniture,138.09,99
P0107,Product_107,Accessories,112.17,61
P0108,Product_108,Sports,221.13,172
P0109,Product_109,Furniture,507.23,278
P0110,Product_110,Home,92.55,48
P0111,Product_111,Furniture,337.4,224
P0112,Product_112,Sports,109.09,64
P0113,Product_113,Furniture,262.5,170
P0114,Product_114,Accessories,114.72,74
P0115,Product_115,Sports,215.8,149
P0116,Product_116,Home,168.3,93
P0117,Product_117,Sports,210.49,108
P0118,Product_118,Furniture,646.31,331
P0119,Product_119,Accessories,129.96,97
P0120,Product_120,Accessories,144.38,76
P0121,Product_121,Home,311.45,174
P0122,Product_122,Home,81.33,58
P0123,Product_123,Sports,89.02,71
P0124,Product_124,Electronics,478.07,338
P0125,Product_125,Electronics,631.03,327
P0126,Product_126,Accessories,15.36,9
P0127,Product_127,Home,47.97,27
P0128,Product_128,Electronics,302.23,215
P0129,Product_129,Electronics,751.04,423
P0130,Product_130,Electronics,515.89,422
P0131,Product_131,Home,69.01,46
P0132,Product_132,Sports,141.22,83
P0133,Product_133,Sports,206.75,157
P0134,Product_134,Furniture,293.63,158
P0135,Product_135,Home,248.46,179
P0136,Product_136,Accessories,89.53,52
P0137,Product_137,Accessories,73.16,48
P0138,Product_138,Electronics,219.67,131
P0139,Product_139,Furniture,213.47,166
P0140,Product_140,Accessories,24.27,20
P0141,Product_141,Home,121.44,63
P0142,Product_142,Electronics,576.19,407
P0143,Product_143,Electronics,393.42,212
P0144,Product_144,Electronics,293.92,147
P0145,Product_145,Sports,239.6,175
P0146,Product_146,Home,15.53,11
P0147,Product_147,Electronics,690.38,399
P0148,Product_148,Furniture,489.15,248
P0149,Product_149,Sports,150.75,78
P0150,Product_150,Electronics,599.26,374
P0151,Product_151,Furniture,313.97,171
P0152,Product_152,Sports,83.75,64
P0153,Product_153,Sports,330.99,167
P0154,Product_154,Accessories,55.2,28
P0155,Product_155,Furniture,356.7,268
P0156,Product_156,Electronics,570.06,396
P0157,Product_157,Home,131.85,103
P0158,Product_158,Accessories,87.88,62
P0159,Product_159,Accessories,57.44,31
P0160,Product_160,Electronics,689.72,459
P0161,Product_161,Electronics,224.92,177
P0162,Product_162,Electronics,82.53,56
P0163,Product_163,Electronics,942.93,475
P0164,Product_164,Sports,112.45,66
P0165,Product_165,Home,95.04,62
P0166,Product_166,Furniture,354.64,266
P0167,Product_167,Sports,113.37,57
P0168,Product_168,Furniture,566.29,305
P0169,Product_169,Electronics,145.37,102
P0170,Product_170,Accessories,23.87,19
P0171,Product_171,Furniture,377.33,303
P0172,Product_172,Accessories,38.89,30
P0173,Product_173,Home,94.88,57
P0174,Product_174,Sports,221.5,114
P0175,Product_175,Furniture,361.01,226
P0176,Product_176,Home,273.66,146
P0177,Product_177,Accessories,105.86,68
P0178,Product_178,Furniture,461.15,261
P0179,Product_179,Home,239.26,134
P0180,Product_180,Electronics,305.33,228
P0181,Product_181,Home,71.47,48
P0182,Product_182,Electronics,528.34,309
P0183,Product_183,Furniture,103.04,82
P0184,Product_184,Home,108.71,73
P0185,Product_185,Sports,78.14,48
P0186,Product_186,Furniture,179.73,90
P0187,Product_187,Sports,183.24,116
P0188,Product_188,Home,205.67,111
P0189,Product_189,Home,301.4,195
P0190,Product_190,Accessories,145.13,79
P0191,Product_191,Furniture,167.63,100
P0192,Product_192,Home,91.65,48
P0193,Product_193,Sports,184.98,121
P0194,Product_194,Sports,109.42,65
P0195,Product_195,Accessories,119.28,70
P0196,Product_196,Sports,168.73,110
P0197,Product_197,Electronics,280.19,213
P0198,Product_198,Electronics,203.98,160
P0199,Product_199,Electronics,469.56,387
P0200,Product_200,Home,250.65,132
P0201,Product_201,Furniture,377.86,272
P0202,Product_202,Accessories,91.74,67
P0203,Product_203,Sports,211.08,118
P0204,Product_204,Sports,78.62,54
P0205,Product_205,Sports,285.66,178
P0206,Product_206,Accessories,42.56,32
P0207,Product_207,Accessories,9.84,5
P0208,Product_208,Home,63.96,34
P0209,Product_209,Accessories,88.88,47
P0210,Product_210,Furniture,248.64,163
P0211,Product_211,Accessories,128.5,71
P0212,Product_212,Home,78.91,60
P0213,Product_213,Accessories,7.24,6
P0214,Product_214,Electronics,314.94,259
P0215,Product_215,Furniture,342.2,205
P0216,Product_216,Accessories,106.37,68
P0217,Product_217,Accessories,125.92,78
P0218,Product_218,Electronics,142.3,118
P0219,Product_219,Home,27.69,18
P0220,Product_220,Home,19.52,11
P0221,Product_221,Electronics,725.79,467
P0222,Product_222,Home,351.8,197
P0223,Product_223,Electronics,386.81,279
P0224,Product_224,Electronics,440.42,238
P0225,Product_225,Electronics,775.23,464
P0226,Product_226,Electronics,80.75,59
P0227,Product_227,Home,170.89,123
P0228,Product_228,Electronics,212.8,125
P0229,Product_229,Sports,193.85,104
P0230,Product_230,Electronics,150.19,98
P0231,Product_231,Sports,125.19,89
P0232,Product_232,Electronics,427.96,226
P0233,Product_233,Accessories,12.15,7
P0234,Product_234,Electronics,682.61,438
P0235,Product_235,Home,314.88,198
P0236,Product_236,Home,134.98,99
P0237,Product_237,Electronics,474.7,279
P0238,Product_238,Home,52.04,35
P0239,Product_239,Electronics,241.58,121
P0240,Product_240,Electronics,491.09,310
P0241,Product_241,Electronics,481.38,303
P0242,Product_242,Sports,56.19,34
P0243,Product_243,Furniture,390.55,202
P0244,Product_244,Accessories,36.81,20
P0245,Product_245,Sports,31.22,20
P0246,Product_246,Accessories,35.5,20
P0247,Product_247,Electronics,784.42,470
P0248,Product_248,Accessories,11.16,7
P0249,Product_249,Electronics,656.62,485
P0250,Product_250,Electronics,150.83,96
P0251,Product_251,Electronics,558.66,400
P0252,Product_252,Electronics,119.78,62
P0253,Product_253,Furniture,421.41,287
P0254,Product_254,Home,125.56,64
P0255,Product_255,Electronics,461.91,284
P0256,Product_256,Accessories,42.63,25
P0257,Product_257,Accessories,114.4,70
P0258,Product_258,Home,248.97,191
P0259,Product_259,Electronics,306.13,204
P0260,Product_260,Furniture,313.43,245
P0261,Product_261,Home,168.14,99
P0262,Product_262,Accessories,96.56,62
P0263,Product_263,Sports,147.61,81
P0264,Product_264,Electronics,560.19,407
P0265,Product_265,Sports,210.4,158
P0266,Product_266,Furniture,523.1,343
P0267,Product_267,Accessories,145.6,75
P0268,Product_268,Electronics,652.52,369
P0269,Product_269,Furniture,153.51,100
P0270,Product_270,Furniture,450.26,279
P0271,Product_271,Furniture,414.43,327
P0272,Product_272,Accessories,47.7,24
P0273,Product_273,Home,29.46,17
P0274,Product_274,Sports,109.98,77
P0275,Product_275,Home,91.78,55
P0276,Product_276,Electronics,103.01,80
P0277,Product_277,Electronics,587.86,298
P0278,Product_278,Sports,150.06,112
P0279,Product_279,Electronics,539.59,314
P0280,Product_280,Electronics,446.84,320
P0281,Product_281,Electronics,253.69,143
P0282,Product_282,Home,296.9,163
P0283,Product_283,Electronics,770.26,443
P0284,Product_284,Accessories,55.82,33
P0285,Product_285,Electronics,246.9,129
P0286,Product_286,Home,56.83,45
P0287,Product_287,Accessories,128.9,88
P0288,Product_288,Electronics,579.03,414
P0289,Product_289,Accessories,81.61,41
P0290,Product_290,Furniture,470.08,311
P0291,Product_291,Accessories,173.25,97
P0292,Product_292,Furniture,316.35,181
P0293,Product_293,Accessories,43.83,32
P0294,Product_294,Accessories,72.34,52
P0295,Product_295,Sports,253.65,178
P0296,Product_296,Electronics,96.32,63
P0297,Product_297,Home,174.82,126
P0298,Product_298,Sports,111.85,92
P0299,Product_299,Furniture,624.35,328
P0300,Product_300,Electronics,276.15,140
